Entry level Python engg role,"Austin, TX",https://www.linkedin.com/jobs/view/entry-level-python-engg-role-at-coach-bots-3760435165?refId=Fb4fLYb%2F5vtIE7Me0Im52w%3D%3D&trackingId=hzsl3xXBRh%2BIWQcmVRhGsw%3D%3D&position=1&pageNum=0&trk=public_jobs_jserp-result_search-card
Python Developer,"Columbus, OH",https://www.linkedin.com/jobs/view/python-developer-at-stellar-professionals-3759087759?refId=Fb4fLYb%2F5vtIE7Me0Im52w%3D%3D&trackingId=aPWnIden6OOJvVKyYkFTTw%3D%3D&position=2&pageNum=0&trk=public_jobs_jserp-result_search-card
Python Developer,"West Palm Beach, FL",https://www.linkedin.com/jobs/view/python-developer-at-two-fish-creative-3741903331?refId=Fb4fLYb%2F5vtIE7Me0Im52w%3D%3D&trackingId=3dyISlIQ4gG5mYQRDaM9bA%3D%3D&position=3&pageNum=0&trk=public_jobs_jserp-result_search-card
Python Developer (Entry Level),"Los Angeles, CA",https://www.linkedin.com/jobs/view/python-developer-entry-level-at-hiremefast-llc-secure-more-interviews-job-offers-3761017562?refId=Fb4fLYb%2F5vtIE7Me0Im52w%3D%3D&trackingId=K3IK76wfaEeTJNbvEy7W3A%3D%3D&position=4&pageNum=0&trk=public_jobs_jserp-result_search-card
Website Developer (Entry Level),"Tampa, FL",https://www.linkedin.com/jobs/view/website-developer-entry-level-at-team-remotely-inc-3760625581?refId=Fb4fLYb%2F5vtIE7Me0Im52w%3D%3D&trackingId=EG%2Btb4UTtiy4RtYLHySL6w%3D%3D&position=5&pageNum=0&trk=public_jobs_jserp-result_search-card
Junior Backend Engineer,"New York, United States",https://www.linkedin.com/jobs/view/junior-backend-engineer-at-tablet-hotels-3760792131?refId=Fb4fLYb%2F5vtIE7Me0Im52w%3D%3D&trackingId=wCFUr2c6gHZxrRLfPXqNWA%3D%3D&position=6&pageNum=0&trk=public_jobs_jserp-result_search-card
Python Developer (Entry Level),"Ontario, CA",https://www.linkedin.com/jobs/view/python-developer-entry-level-at-synergisticit-3752825532?refId=Fb4fLYb%2F5vtIE7Me0Im52w%3D%3D&trackingId=wSzuoET%2BhiGNFT6r0nJlQA%3D%3D&position=7&pageNum=0&trk=public_jobs_jserp-result_search-card
Junior Python developer,"San Jose, CA",https://www.linkedin.com/jobs/view/junior-python-developer-at-makro-technologies-inc-3744492130?refId=Fb4fLYb%2F5vtIE7Me0Im52w%3D%3D&trackingId=wrEi%2BKWY6wNc%2FHa8F%2BVJpA%3D%3D&position=8&pageNum=0&trk=public_jobs_jserp-result_search-card
Junior Python developer,"Seattle, WA",https://www.linkedin.com/jobs/view/junior-python-developer-at-makro-technologies-inc-3754784114?refId=Fb4fLYb%2F5vtIE7Me0Im52w%3D%3D&trackingId=vGY%2FQ23jUOLUx1mIZpcJNg%3D%3D&position=9&pageNum=0&trk=public_jobs_jserp-result_search-card
Python Developer (Entry Level),"Newark, NJ",https://www.linkedin.com/jobs/view/python-developer-entry-level-at-hiremefast-llc-secure-more-interviews-job-offers-3761015939?refId=Fb4fLYb%2F5vtIE7Me0Im52w%3D%3D&trackingId=HbCZDKbfZwQ%2Bb6q5kwkv1Q%3D%3D&position=10&pageNum=0&trk=public_jobs_jserp-result_search-card
Python Developer,"San Diego, CA",https://www.linkedin.com/jobs/view/python-developer-at-twine-3760100630?refId=Fb4fLYb%2F5vtIE7Me0Im52w%3D%3D&trackingId=FqXpORA8xl2%2BmuRd9Wo5iQ%3D%3D&position=11&pageNum=0&trk=public_jobs_jserp-result_search-card
Python Developer,"New York, United States",https://www.linkedin.com/jobs/view/python-developer-at-ampcontrol-io-3744799071?refId=Fb4fLYb%2F5vtIE7Me0Im52w%3D%3D&trackingId=PJXx28K1NtnsaY7FtrTJEw%3D%3D&position=12&pageNum=0&trk=public_jobs_jserp-result_search-card
Junior Python Developer,"Houston, TX",https://www.linkedin.com/jobs/view/junior-python-developer-at-hiremefast-llc-secure-more-interviews-job-offers-3761015986?refId=Fb4fLYb%2F5vtIE7Me0Im52w%3D%3D&trackingId=9BS1MTXfjqoNj6uUKbuUqQ%3D%3D&position=13&pageNum=0&trk=public_jobs_jserp-result_search-card
Junior Python Developer,"Boston, MA",https://www.linkedin.com/jobs/view/junior-python-developer-at-commonwealth-of-massachusetts-3744106507?refId=Fb4fLYb%2F5vtIE7Me0Im52w%3D%3D&trackingId=tOf8dZHtvK%2Bb9NU3z%2BPSDg%3D%3D&position=14&pageNum=0&trk=public_jobs_jserp-result_search-card
Junior Data Analyst,"Los Angeles, CA",https://www.linkedin.com/jobs/view/junior-data-analyst-at-team-remotely-inc-3760129842?refId=Fb4fLYb%2F5vtIE7Me0Im52w%3D%3D&trackingId=3Ys2MjOtaCZ16yqbw96r7A%3D%3D&position=15&pageNum=0&trk=public_jobs_jserp-result_search-card
Entry Level Data Analyst/Data Engineer,"Edison, NJ",https://www.linkedin.com/jobs/view/entry-level-data-analyst-data-engineer-at-maxis-clinical-sciences-3760980979?refId=Fb4fLYb%2F5vtIE7Me0Im52w%3D%3D&trackingId=hIMp1Ch68i9N7OFzWlbVoA%3D%3D&position=16&pageNum=0&trk=public_jobs_jserp-result_search-card
Python Developer,"Atlanta, GA",https://www.linkedin.com/jobs/view/python-developer-at-derex-technologies-inc-3747787590?refId=Fb4fLYb%2F5vtIE7Me0Im52w%3D%3D&trackingId=wX%2FNb%2Fbx%2F3FqA5RNDNvBQw%3D%3D&position=17&pageNum=0&trk=public_jobs_jserp-result_search-card
Python Developer,"Santa Clarita, CA",https://www.linkedin.com/jobs/view/python-developer-at-quantumbricks-3712834614?refId=Fb4fLYb%2F5vtIE7Me0Im52w%3D%3D&trackingId=T8GyDBjFCCeg700wjrMd6w%3D%3D&position=18&pageNum=0&trk=public_jobs_jserp-result_search-card
Entry Level Python Programmer (Remote),"San Jose, CA",https://www.linkedin.com/jobs/view/entry-level-python-programmer-remote-at-synergisticit-3754421716?refId=Fb4fLYb%2F5vtIE7Me0Im52w%3D%3D&trackingId=%2Fh6H%2FUjZXn%2Fo16i%2FGlQ0Gw%3D%3D&position=19&pageNum=0&trk=public_jobs_jserp-result_search-card
Python Developer,"Newport Beach, CA",https://www.linkedin.com/jobs/view/python-developer-at-capleo-global-3749655796?refId=Fb4fLYb%2F5vtIE7Me0Im52w%3D%3D&trackingId=Gbg3uhzg2Y221FMPtALZWQ%3D%3D&position=20&pageNum=0&trk=public_jobs_jserp-result_search-card
Python Developer,"New York, NY",https://www.linkedin.com/jobs/view/python-developer-at-digital-janet-3750177091?refId=Fb4fLYb%2F5vtIE7Me0Im52w%3D%3D&trackingId=NNJURmimTeb20suy1byUuA%3D%3D&position=21&pageNum=0&trk=public_jobs_jserp-result_search-card
Jr. Python Developer(REMOTE),"Oakland, CA",https://www.linkedin.com/jobs/view/jr-python-developer-remote-at-synergisticit-3754422874?refId=Fb4fLYb%2F5vtIE7Me0Im52w%3D%3D&trackingId=C4h%2FQTaTLxTyKHAVf%2FQeBw%3D%3D&position=22&pageNum=0&trk=public_jobs_jserp-result_search-card
Python Developer (Entry Level),"San Francisco, CA",https://www.linkedin.com/jobs/view/python-developer-entry-level-at-synergisticit-3726752569?refId=Fb4fLYb%2F5vtIE7Me0Im52w%3D%3D&trackingId=Hcfm0RPoXfAtZTtzIDfnbw%3D%3D&position=23&pageNum=0&trk=public_jobs_jserp-result_search-card
Python Developer,"Downingtown, PA",https://www.linkedin.com/jobs/view/python-developer-at-pandit-view-software-llc-3741157444?refId=Fb4fLYb%2F5vtIE7Me0Im52w%3D%3D&trackingId=IB0zglV%2B4UqvN5VkJPBdQw%3D%3D&position=24&pageNum=0&trk=public_jobs_jserp-result_search-card
Entry Level Python Developer,"Fremont, CA",https://www.linkedin.com/jobs/view/entry-level-python-developer-at-synergisticit-3622574190?refId=Fb4fLYb%2F5vtIE7Me0Im52w%3D%3D&trackingId=jmAY%2BmhC%2Fw0xPMCQbW3BpA%3D%3D&position=25&pageNum=0&trk=public_jobs_jserp-result_search-card
